,z0,z1,z2,z3,z4,z5,z6,z7,z8,z9,z10,z11,z12,z13,z14,z15,z16,z17,z18,z19,Energy,HOMO,LUMO,Gap
fake_calc_1.out,-1,-1,0,-1,-1,1,0,1,-1,-1,0,1,-1,0,0,0,0,-1,-1,-1,-71322.55317142376,-3.494878545218539,0.3456027726541233,3.8404813178726624
fake_calc_0.out,0,-1,1,1,-1,0,0,-1,0,1,1,-1,0,0,0,0,1,-1,-1,1,-71497.91576438298,-1.7012745806609475,0.6782738699100075,2.379548450570955
fake_calc_3.out,1,-1,1,0,1,-1,-1,0,0,-1,0,1,1,-1,-1,-1,0,1,1,1,-71456.82704451674,-3.7304249127039713,-0.7438703637151676,2.9865545489888037
fake_calc_4.out,1,1,1,-1,1,-1,-1,0,1,0,0,1,0,1,1,1,1,1,-1,0,-71970.75209112107,-2.5033046057562793,0.19412186643406804,2.6974264721903474
fake_calc_2.out,-1,-1,-1,0,1,1,0,0,0,0,0,1,0,-1,-1,0,-1,-1,1,-1,-71117.12056073442,-4.470988027595805,-0.5150024570915104,3.9559855705042946
